name,Longitude,Latitude
K Lab,77.0393103,28.4248315
Pind Balluchi,77.0392204,28.4249125
Punjab Grill,77.0971178,28.5030769
Zambar,77.0971853,28.5026128
Cakes & More,77.0420091,28.5114162
Kwality Wall's Swirl's,77.0419641,28.5114567
Yo! Dimsum,77.0420091,28.5115059
Mx Corn,77.0418253,28.5114067
Red,77.08785083,28.44070881
Rocketchefs,77.0855313,28.4423933
The Fresh Chicken Store,77.0757671,28.4418793
Achoos Food Corner,77.0787681,28.4347278
Aha Bites,77.0898569,28.4308575
Ancient Spice,77.0780576,28.432548
Chimney - The Takeaway,77.078405,28.440599
Costa Coffee,77.0735119,28.4319102
Good to Go,77.0738947,28.436274
Gopi Sweets & Caters,77.0787448,28.4346864
Lavi Foji Dhaba,77.081492,28.4406523
Narayan Fast Food Home,77.0762723,28.4353217
OMG Kitchenz,77.0728193,28.4370922
OMG Tiffinz,77.0728605,28.4371161
Sardarji Chicken Point,77.0754948,28.4394519
Solty Hotel,77.0837565,28.430634
The Burger Chef,77.0756612,28.4419493
Club Tokyo - Best Western Skycity Hotel,77.0347151,28.4580879
Lattitude - Skycity Hotel,77.0349627,28.4582412
Bisque Bakery,77.0857204,28.4807592
Behrouz Biryani,77.1006623,28.4434069
Domino's Pizza,77.1010066,28.4428671
Giani,77.1009167,28.4430378
PizzaVito,77.1007369,28.4431102
Shawarma House,77.1010965,28.4426964
Subway,77.1009167,28.4430378
Asian Bistro,77.1008268,28.4429395
BBQ Factory,77.1009883,28.442717
Faaso's,77.1005772,28.443403
Chaayos,77.1007871,28.4431891
Mosaic - Country Inn & Suites,77.0676442,28.4619878
60 ML - Country Inn & Suites by Carlson,77.0376911,28.468336
Mosaic - Country Inn & Suites by Carlson,77.037781,28.4684343
Big Shot Bar - Country Inn & Suites,77.0918351,28.5092246
Mosaic - Country Inn & Suites By Carlson,77.0684986,28.3349418
Downtown Kitchen & Bar - Courtyard by Marriott,77.080367,28.460925
Courtyard Grill - Courtyard by Marriott,77.080367,28.460925
Di Ghent Boulangerie,77.0835375,28.46836827
Khyen Chyen,77.0832475,28.4683741
The Pint Room,77.0830226,28.4683973
Tughlaq,77.08390966,28.46844136
Big Wong XL,77.0834723,28.4681716
Bunker,77.0831126,28.4682267
Culture Cafe,77.0837421,28.4681975
Nowhere Terrace Brewpub Cafe,77.083048,28.468314
Cafe G - Crowne Plaza,77.0600891,28.4684326
Wildfire - Crowne Plaza,77.0599093,28.4684152
Isabella,77.0928243,28.4937229
Fatburger,77.0882416,28.4947571
Burma Burma,77.0887329,28.4946295
Pier 38,77.0886429,28.4950691
Yum Yum Cha,77.0885987,28.4950762
Amici Cafe,77.0889781,28.4955391
Au Bon Pain,77.088508,28.494832
California Pizza Kitchen,77.0886879,28.4952975
Chai Point,77.0888677,28.4952251
Cherry Comet,77.0888677,28.4953148
Circus,77.0888677,28.495763
Dunkin' Donuts,77.0887329,28.4951674
Holy Smoke,77.0883732,28.4947742
Italiano,77.088598,28.4951096
Krispy Kreme,77.0886879,28.4952079
Not Just Paranthas,77.088598,28.4951096
Oh! Calcutta,77.0886879,28.4952079
Olive Bistro,77.0878786,28.4945922
Pita Pit,77.0886429,28.4950691
Raasta,77.0883732,28.4953121
Red Mango,77.0886879,28.4952079
Rred Hot Asian Bistro,77.0886879,28.4953871
Smaaash,77.0889127,28.4950054
Starbucks,77.0891982,28.4956457
Sutra Gastropub,77.0883282,28.4948147
Taco Bell,77.0883113,28.4942639
The People & Co.,77.0887778,28.4949476
Theobroma,77.0886879,28.4947597
Wendy's,77.0875189,28.4949162
The Wine Company,77.0890476,28.4962285
Cafe Delhi Heights,77.0886879,28.4952079
Cyber Hub Social,77.088508,28.4939356
Delifrance - The France Cafe Bakery,77.08856095,28.49427139
Dhaba By Claridges,77.0886879,28.4953871
Farzi Cafe,77.0886879,28.4952079
Hard Rock Cafe,77.088508,28.4949217
Instapizza,77.0882383,28.494089
Made In Punjab,77.088598,28.4951096
Nando's,77.0888677,28.4954941
Quaff,77.0880651,28.4944224
SodaBottleOpenerWala,77.088508,28.494832
The Grill Mill,77.0884689,28.4940704
Knight Rider,77.0933407,28.4877882
Chaayos,77.0921049,28.4897992
Nooba,77.0875639,28.4942482
Domino's Pizza,77.0890476,28.4945253
Indigo Delicatessen,77.0884181,28.4940166
Escape Terrace Bar Kitchen,77.0822133,28.4671541
Kwaliti,77.0817637,28.4672902
Subway,77.0814039,28.4676142
Burger Point,77.0823032,28.4672524
Chaat Chowk,77.0821234,28.4670558
Chef Style,77.0817637,28.4673798
Delhicacy,77.0823032,28.4674317
Dimsum & Co.,77.0818119,28.4674661
Instapizza,77.0821234,28.467504
L'Opera,77.0824381,28.4671309
Lazeez Food,77.081314,28.4670676
Le Marche Sugar & Spice Cafe,77.0812241,28.4675073
The Breakfast Club,77.0819435,28.4671282
Sugar & Spice - Le Marche,77.0812241,28.4671487
Crudo Juicery,77.0819435,28.4674868
Fork with Stick,77.0823032,28.4674317
Uptown Fresh Beer Cafe,77.0812241,28.4675073
Barista,77.09313545,28.47582155
Cafe Coffee Day,77.09359512,28.47548941
Domino's Pizza,77.09308315,28.47577587
Italiano,77.09323503,28.47573225
McDonald's,77.09302582,28.47586163
Parantha Gurus,77.09312875,28.47574493
Pizza Hut Delivery,77.09333964,28.47626303
Sibang Bakery,77.09336612,28.47581065
Sonya Bakery Cafe,77.093094,28.4759094
Subway,77.09308684,28.47568922
Viva Hyderabad,77.09311534,28.4756627
7 Barrel Brew Pub,77.09335439,28.4761926
Wai Yu Mun Ching,77.09319044,28.47567184
Baskin Robbins,77.0930171,28.4757632
KFC,77.09351432,28.47650794
Burmese Kitchen Plus,77.1002873,28.4778552
Drinks Come True,77.0993882,28.4693415
Eat All Nite,77.0935886,28.4726847
Frontier,77.0997478,28.4660588
GenY Cuisines,77.0922847,28.4733215
K Raga's,77.0923747,28.4733301
Kangri,77.07935278,28.46121389
Makhmali Kebabs,77.0992983,28.4661053
Masala Ville,77.0984902,28.471636
Night Food Xprs,77.0993882,28.4693415
Roti Boti,77.092856,28.481301
Sama Chicken Biryani,77.0948286,28.48187686
Subway,77.0997478,28.4657898
The Rolling Pin Bakery,77.0983092,28.4679828
Weird Time Food,77.074163,28.477689
Twigly,77.0923421,28.4803156
Asian Haus,77.1003687,28.4778418
Beyond Breads,77.0922847,28.4733215
Biryani By Kilo,77.1002873,28.4780345
Captain Grub,77.0997478,28.4660588
Pita Pit,77.1002873,28.4778552
Rawleaf,77.0957016,28.4694359
Sushi Haus,77.1003772,28.4778638
Eggzellent,77.10031841,28.47773187
High On Tea,77.09313076,28.47580623
Sona Bridge Hotel,77.1,28.47
Yo! Dimsum,77.0988037,28.4661923
Angrezee Choupal,77.0860801,28.4827659
Ashoka Snacks Corner,77.0860056,28.4828445
Corp Kitchen,77.08986362,28.48211622
Pao King,77.0826144,28.4840963
Prabhat Fast Food Corner,77.0843715,28.490311
Shama Chicken Corner,77.0860801,28.4823177
Unique Food Hut,77.082573,28.4904966
A 1 - Snacks and food corner,77.0942076,28.4899921
Anandum,77.1034343,28.486136
Apni Rasoi,77.0936335,28.4912907
Banke Bihari Bhojanalay,77.0935436,28.4934335
Biryani 365,77.0957016,28.4948958
Bro's Kitchenette,77.09530905,28.48826511
Cafe Coffee Day,77.09327124,28.49457813
Cafe Coffee Day,77.09158514,28.49034965
Cafe Du Rendezvous,77.0998522,28.4947415
Cake 24x7,77.1038389,28.4874747
Cake On Wheels,77.1047829,28.4874309
Cake Point,77.0939033,28.4902409
Cake Point,77.1038389,28.487654
Cakes Degree,77.094263,28.4923373
Chateau Garlic,77.10263249,28.48750366
Chennai Express,77.0939932,28.4931181
Crust N Cakes,77.0922847,28.4911611
Dabba Meat,77.0930322,28.4906544
Deepak Rasoi,77.0951644,28.4897671
Foodaucity - Bum Bum Bholey Ke Chole Bhature,77.0937234,28.4938093
Goli Vada Pav No. 1,77.0934537,28.4935145
Grandma's Kitchen,77.0936335,28.49147
Gurgaon Hights,77.093679,28.4917895
Idliss,77.0949823,28.4933028
Indian Home Food,77.0934537,28.4911838
Jetha Lal Ka Dhabha,77.09503077,28.49332817
Kusum Rolls,77.092692,28.4907443
Megha Vaishno Dhaba,77.0952332,28.4949836
Nikhil Food Point,77.0947642,28.4899703
Plan B,77.0962564,28.4846488
Punjabi Zaika,77.1048728,28.4872602
Rasoi,77.1046906,28.487522
Roll's Royce,77.0938134,28.4934594
Shree Bikaner Misthan Bhandar,77.0941281,28.4921002
Smokey Pan,77.0945327,28.4899428
Surprise O Meal,77.0935436,28.4911924
Tandoor on The Way,77.0935436,28.4931646
Tawa N Tandoor,77.0944877,28.4928519
The Paradise Biryani,77.0994974,28.4942093
The Royal,77.0934087,28.4936446
Theka Desi Khaana,77.0948924,28.4932941
Tobasco Kitchen,77.0946676,28.4930484
Tpot,77.0935436,28.4934335
Uncle's Cafe,77.094263,28.4900962
Welcome Cafeteria,77.0940363,28.4931115
Yo Yo China Town,77.093805,28.49330872
Caterspoint,77.1039737,28.4872636
Bake-a-boo,77.09623341,28.49025712
Burger Hut,77.094263,28.4923373
China Gatherings,77.0939033,28.4902409
Crazy Bhukkhad,77.0924646,28.4896545
Deez Biryani & Kebabs,77.103659,28.4878161
Fomads,77.0943525,28.4922725
Happy Beings,77.094627,28.490666
InstaDozza,77.0935436,28.4934335
Mom's Kitchen,77.0938134,28.4937283
The Baker's Bar  ... Bakery & Cafe,77.09333796,28.49088743
Veg Ex,77.1036643,28.4879232
Volt - By Plan B,77.1021761,28.4957118
ZASTY,77.094031,28.492698
Aahar,77.0943256,28.492384
Chicken Bytes,77.094263,28.4923373
Flying Cakes,77.0943529,28.4924355
Punjabi Tadka,77.0937234,28.4914786
Coldpress Company,77.09321138,28.489834
Crudo Juicery,77.1049154,28.4871499
First Eat,77.094173,28.4904461
Zoe,77.08978873,28.49488428
Dabba Meat,77.087429,28.4681035
Kashmiri Kitchen,77.0715115,28.4739245
Rumi's Kitchen,77.0858383,28.4700182
Baking Bad,77.0813069,28.4666333
Bamboo Boat,77.0888382,28.4614757
Big Jack's,77.08591864,28.46970311
Kebab Gali,77.0872491,28.4626173
Lucknow Mail,77.0857654,28.4700505
Monster's Cafe,77.08598737,28.46978122
Monty's Chicken Wings,77.0881933,28.461408
My Country Platter,77.0887329,28.4614598
SARA World Cuisine,77.0880584,28.4616192
Wah! Amritsar,77.0879685,28.4617002
World In A Box,77.0966008,28.4834181
Bun Intended,77.08301514,28.46624793
Cafe Gatherings,77.0875226,28.4622589
Cafe Soul Garden,77.0888677,28.4616072
Food O Gram,77.0859584,28.4699579
Happy Hakka,77.0880135,28.46157
Kaiser,77.088706,28.46147
Pizza Central,77.087295,28.4623501
Tasty Fare,77.0957635,28.4486392
Burger Point,77.0978116,28.4495295
Drifters Cafe,77.0951664,28.4477214
Oh! Fudge,77.0957435,28.4486422
Anjlika,77.0992983,28.447904
IZU,77.0990285,28.4481471
Sugar & Spice - Le Marche,77.0994781,28.4476522
Bizibean,77.0992084,28.4480747
ChandChini,77.09939003,28.4478212
Coffee & Chai Co.,77.0992156,28.4480264
Greek Food & Beyond,77.0990488,28.4479922
Mediumwelldone,77.0994781,28.4476522
Sonya Bakery Cafe,77.0991634,28.4482945
Soul & Spice Co.,77.0991184,28.448066
7 Degrees Brauhaus,77.0992983,28.448173
Cafe Amaretto,77.0991184,28.4481557
Sibang Bakery,77.0993432,28.4472358
The Hangout by 1861,77.0993882,28.4477333
The Mad Teapot/The Wishing Chair,77.0994781,28.4476522
Ninkasi Imperial Brews & Cookery,77.0526236,28.4616176
Zaffran,77.0525451,28.4616552
Spiritual Bar & Lounge-DoubleTree by Hilton,77.104693,28.4221468
The Food Store - DoubleTree by Hilton,77.104693,28.4221468
Barista,77.0808644,28.4788581
Burger King,77.0807295,28.4792485
Club Mojo,77.0808194,28.4788089
KFC,77.0808644,28.479127
Not Just Paranthas,77.0808644,28.4788581
Shree Rathnam,77.0806845,28.4787511
Mogli's Coffee,77.08076142,28.47907544
Pind Balluchi,77.0931234,28.4757509
Sip n Bite,77.09314417,28.47571545
Abar Khabo,77.09307712,28.47579915
Moti Mahal Delux,77.093094,28.476268
The Lost Mughal,77.09335204,28.47565209
Fortune Deli - Fortune Select Excalibur,77.0411995,28.4164952
India on my Plate - Fortune Select Excalibur,77.0411995,28.4164952
Orchid - Fortune Select Global,77.1031649,28.4818475
Hungry Buffoons,77.0950645,28.460459
Karim's,77.0948924,28.4603029
Manhattan Brewery & Bar Exchange,77.0950273,28.460271
Di Miso,77.0946226,28.460546
Kuuraku,77.0946989,28.4604087
Vapour Bar Exchange,77.0949823,28.4603115
19 Flavours Biryani,77.0954319,28.4604444
Bhai Ji Foods,77.0971853,28.4543812
Captain Bill$ Deliverz,77.08932303,28.43230959
Curry n Phulka,77.0979495,28.4494782
Jaguar,77.0986339,28.4499246
Jalsa Lounge,77.0941432,28.4667953
Lord of Grillz,77.1042874,28.4372372
Midnight Cravings Beyond Control,77.0975132,28.4369224
Outback,77.1047562,28.4324764
The Cinnamon Kitchen,77.0974101,28.4370522
Dudleys,77.102108,28.441123
56 Ristorante Italiano,77.1019957,28.4400925
All Time Cafe,77.1039229,28.4393747
Baba's,77.1042012,28.434018
Chilli Indiana,77.1032552,28.4396385
Go Kylin,77.09865443,28.43823059
Just for Chai,77.1025313,28.4411247
Kabab Mistri,77.1004268,28.4372138
Nashta,77.10256,28.441297
Nooba,77.0987588,28.4461485
Side Wok,77.0971853,28.4549192
Takamaka,77.1015446,28.4451163
The Ark,77.105038,28.4218116
The Gathering Hut,77.0974101,28.4545373
Wangchuk's Ladakhi Kitchen,77.0940831,28.4663219
Daawat-e-Kashmir,77.109638,28.4247729
La Pino'z Pizza,77.10288294,28.43849033
The Diet Kitchen,77.0956926,28.4604777
Om Sweets & Snacks,77.0904863,28.4211432
Subway,77.0906308,28.4210196
Taste of Tamil Nadu,77.0904863,28.4208742
The Bridge - Hotel Clark Inn Gurgaon,77.033939,28.4576098
Illusion The Lounge Bar - Hotel Clark Inn Gurgaon,77.0338804,28.4576265
Gardenia - Hotel Grenville,77.0386607,28.4655997
Call For Cuisine - Hotel Grenville,77.038546,28.4655681
Armory - Hotel Haut.Monde,77.0382289,28.4553886
Citron - Hotel Haut.Monde,77.0382176,28.4553962
Gabbar Meals,77.0726806,28.459424
McDonald's,77.0727706,28.4594327
Crust Bistro,77.07272552,28.45938349
Dunkin' Donuts,77.0727706,28.4594327
Kabab Roll Cafe,77.0727256,28.4593835
Starbucks,77.0725008,28.4588688
Eggers Madhouse,77.0726806,28.459424
Gallery Caf�� - Hyatt Place,77.065948,28.5008981
Coffee to Cocktail Bar - Hyatt Place,77.0659784,28.5008454
Spice It - Hotel IBIS,77.0993934,28.4470228
Nukkadwala,77.038187,28.419985
Power Play Resto Bar,77.088553,28.4797315
Daikichi,77.0886879,28.4797893
The Atrium - By Jukaso It Suites,77.0536264,28.4725545
Delhi - Kingdom of Dreams,77.0679481,28.4679413
Lucknow - Kingdom of Dreams,77.0683484,28.4684937
Longitude 77��03' Bar - Le Meridien Gurgaon,77.1081995,28.4805868
I-Kandy - Le Meridien Gurgaon,77.1087266,28.481264
Bella Cucina - Le Meridien Gurgaon,77.1087258,28.4812481
Bar Code - Leisure Inn,77.0395172,28.4705263
Bites - Leisure Inn,77.0395353,28.4705061
Outback Bar and Grill - Leisure Inn,77.0396702,28.4704989
Citrus Cafe - Lemon Tree Premier,77.0648668,28.4676295
Ammu's South Indian Restaurant,77.0809099,28.4734916
Barista,77.1023726,28.4805404
Bengali By Nature,77.0827529,28.4766191
Burger Planet,77.085001,28.4771042
Cafe Coffee Day,77.0802349,28.4797836
Chini Bowl,77.0761927,28.476072
E Yum,77.10031841,28.47773187
Handi X-Press,77.0828835,28.4761607
Ion Club & Dining Lounge,77.088598,28.479691
Komachi,77.0731066,28.4776351
Mehfil-e-Handi,77.0829327,28.4760986
Mezbaan's,77.0823932,28.4757777
Mini Mahal Delux,77.0805946,28.4787425
Pita Pan,77.0803248,28.4805094
SBar Club & Lounge,77.0902166,28.4796672
China Club,77.1020369,28.4800544
Coriander Leaf,77.0811126,28.4775699
Doughlicious,77.1026087,28.4806694
FreshMenu,77.0820362,28.4800592
L'Angoor,77.1020768,28.4806041
The Cakelicious Factory,77.0963632,28.4821819
Green's,77.0824381,28.4757372
New Zaika,77.0692631,28.477294
Love Is Cakes,77.0935886,28.4726847
Costa Coffee,77.0894073,28.4798584
Uforia,77.0892274,28.4798411
Vapour Pub & Brewery,77.0892792,28.4798031
Pirates of Grill,77.0893563,28.4799415
Barista Creme Lavazza,77.0823932,28.4785568
Frozen Adda,77.0816737,28.4784876
McDonald's,77.0818967,28.479447
Mr Idli Xpress,77.0817187,28.4792539
bu��no,77.0816737,28.478398
Starbucks,77.0818667,28.4791426
Al Kabab,77.0803248,28.4803301
Bangkok 1,77.0802124,28.4802521
Barista,77.0800708,28.4809987
Cafe Cravings,77.0802574,28.481108
Hello Sichuan,77.0802215,28.4806523
McDonald's,77.0800417,28.4803729
Rajasthali,77.0802124,28.4808348
Street Foods by Punjab Grill,77.0803248,28.4803301
Subway,77.0802124,28.4804762
Tibb's Frankie,77.0801851,28.4803207
Tunday Kababi Dastarkhwan-e-Awadh,77.08040039,28.48028198
Dunkin' Donuts,77.0802349,28.4807697
Haldiram's,77.0802798,28.4807292
Keventers,77.0802349,28.4807697
Khaaja Chowk,77.0801711,28.4805322
Phantom,77.0802349,28.4808594
Sage,77.0801226,28.4805204
TGI Friday's,77.0801187,28.4810064
The Belgian Fries Company,77.0801674,28.4802478
The Grills King,77.0803727,28.4808767
Chicago Pizza,77.080144,28.4803174
Suburbia - The Empire,77.0802349,28.4811283
Viva Hyderabad,77.0802124,28.4803866
Queens Caf��,77.0801793,28.4805091
Cafe Coffee Day,77.0412894,28.4166832
FOA - The Flavours of Arabia,77.0413756,28.4167026
A1,77.0204947,28.4669375
Apni Rasoi,77.0129534,28.4841816
DBDN Deena Meat Vala,77.026849,28.4569872
Deep Chicken Corner,77.0206596,28.4667157
Dilli Rasoi,77.0203953,28.4667607
French Omelette,77.0204174,28.4668549
Green Chick Chop,77.0189174,28.4709408
Hangout Cafe,77.0196893,28.4653555
Hari Om Rasoi,77.0178663,28.4603933
Harish Phulwari,77.0274904,28.4580309
Hotel Rajvanshi Restaurant,77.022202,28.4645876
Jagdish Vaishno Dhaba,77.0181934,28.473084
JVR Jayka,77.0182331,28.4730183
Kaza,77.0136942,28.4823394
Knight Delight Kafe,77.0141435,28.4810609
Ko Jitters,77.0166864,28.4678506
Laajawab Chaap Express,77.0175175,28.4674068
Laddu Gopal,77.0193016,28.4713437
Mini's Royal Cafe,77.0136441,28.4670202
Pakwan,77.0189082,28.4712555
Patiala,77.0204469,28.4667702
Pind Balluchi,77.0221359,28.4639996
Pizza Man,77.0186408,28.4721483
Punjabi Dhani,77.0193636,28.470213
Raju Halwai,77.0179074,28.4603566
Rupa Tikki Wala And Caterers,77.023212,28.4626082
Samrat The Cake Shoppe,77.0259078,28.4597556
Samrat,77.0259899,28.4598188
Sanjha Chula,77.0200512,28.4570545
Silver Crown,77.0191832,28.4669487
Super Bakery,77.0247842,28.4609586
The Chic,77.0187625,28.470938
Unique Bus Wales,77.0175382,28.467287
Dilli 6 Express,77.0203817,28.4667732
Mangle Di Kulfi,77.0168909,28.4655014
The Oven Artist,77.0157175,28.4652054
Bal Ji Rasoi,77.0179026,28.460487
Metro Dhaba,77.0277668,28.4579956
Sukhman Food City,77.0212272,28.4688983
The Burger Hub,77.0161752,28.4681772
Pizza Hut Delivery,77.0432685,28.4109555
Hot Cherries,77.0433584,28.4106951
Domino's Pizza,77.0431785,28.4113952
Coldpress Company,77.0435383,28.4105331
Hahn's Kitchen,77.09791951,28.45112282
Shree Rathnam,77.0974101,28.4511301
Caffe Tonino,77.0974101,28.4511301
Carl's Jr.,77.0971403,28.4508352
Delhi Club House,77.0968183,28.4514834
GoGourmet,77.0975899,28.4511473
Shophouse by Kylin,77.0972691,28.4506618
Starbucks,77.09822863,28.45109776
Baskin Robbins,77.0378999,28.5125527
Bikaner Sweets & Restaurant,77.0352809,28.5145359
Burger Bites & More,77.0203837,28.4939088
Caf�� Gramophone,77.0210472,28.496845
Chawla Bakers,77.030404,28.502947
Crust N Cakes,77.0362376,28.5037904
Darjeeling Kanchanjanga Momos,77.0409296,28.5118498
Desserts 83,77.0436219,28.5216917
Giani's,77.0347314,28.5150103
Hangover,77.0199219,28.4865257
Sangam Sweets,77.0373642,28.5176801
Shree Bikaner Misthan Bhandar,77.0302241,28.5029296
Shree Shyam Rasoi,77.0336712,28.5034359
Swad On Grill,77.037902,28.5125468
The Pepper's,77.0394717,28.5119564
Anisha Restaurant,77.0319416,28.5033789
Annapoorna Foods,77.0308638,28.5089193
Bakelicious 18,77.0351721,28.5145201
Bansiwala Bakery,77.0196076,28.4857718
Bansiwala Rasoi,77.0198157,28.4859312
Bansiwala Sweets,77.0197677,28.4859483
Best Pizza Hut,77.0093235,28.4921812
Bikaner Sweets & Restaurant,77.024736,28.5144976
Chaska Food Corner,77.0225318,28.497571
Dev Restaurant,77.02189766,28.49841367
Dietpoint,77.025184,28.5142695
Gautam Bakery,77.02152,28.4959225
Hot & Spicy,77.0252309,28.5118122
Hot Fork,77.0313937,28.5091367
Indochi Cafe & Restaurant,77.0411995,28.512055
Love to Wish,77.0378566,28.5125685
M Cr��me,77.04251687,28.52068371
Panther Restaurant,77.0283498,28.5019693
Pizza King,77.01025,28.4936502
Radha Swami Shudh Vaishno Dhaba,77.0196062,28.4877231
RD's Authentic Aroma,77.0203724,28.4946737
Savour,77.0386974,28.51231235
Sheetla Dhaba,77.0358272,28.5033611
Shree Bikaner Mishthan Bhandar,77.0194842,28.4860462
Shree Shyam Bhojnalaya,77.0197876,28.4875817
Shristi Happy Eats,77.0410645,28.5120868
Singh Terrace Grill,77.03139368,28.50913665
Swami Vaishno Dhaba,77.0196976,28.4890966
Wah Ji Wah,77.0219634,28.4968821
Cafe 55 - Park Inn,77.0318264,28.4590795
New Town Lounge & Bar - Park Plaza,77.0756484,28.4592611
New Town Pastry Shop - Park Plaza,77.0757697,28.4592519
New Town Cafe - Park Plaza,77.0757094,28.4592449
The Great Kabab Factory - Park Plaza,77.075722,28.4592314
K2 Restaurant,77.0730853,28.4777065
Angels in my Kitchen,77.1019957,28.4722814
Barista,77.1022778,28.4715146
Cafe Coffee Day,77.1017259,28.4718072
Cafe Naklee,77.1021755,28.4720297
Chacha's Take Away,77.1020406,28.4718823
Colonel's Kababz,77.1018865,28.4725209
Domino's Pizza,77.1024452,28.4719659
Green Chick Chop,77.1022654,28.472128
Naushi's Kitchenette,77.10254565,28.47211841
Sapra Pastry Treat,77.1022654,28.4720383
Subway,77.1024003,28.4715582
Sunny Sweets,77.1017259,28.4715383
The Healthy Rasoi,77.1018159,28.4713676
Burger King,77.0392029,28.4237354
Hong Kong Express,77.0395802,28.4234228
Viva Hyderabad,77.0394902,28.4234142
Cafe Rouge - Ramada,77.0706524,28.4497396
Shamji Sweets,77.0268394,28.4596657
Sialkoti Vaishno Dhaba,77.0313172,28.4623451
Haldiram's,77.0868894,28.4797958
Club Prison,77.0865747,28.4797207
Maa Bhagwati Tiffins,77.0324732,28.4636195
Spices & Sauces,77.0324282,28.4637496
Indian Food Cafe,77.0338596,28.4675057
Assam Tea Corner,77.0404135,28.4755199
Bakingo,77.0441684,28.4706936
Balaji Sweets & Snacks,77.0348123,28.476036
Burger Point,77.0483361,28.4735491
Burger Xpress,77.0476105,28.4745207
Cafe Coffee Day,77.046327,28.4775051
Cake Factory,77.0204025,28.4703517
Cake Maker,77.0424008,28.4741041
Captain's Table,77.0474607,28.4740266
Carpedium,77.0475174,28.474015
Chinar Junction,77.04808339,28.48038451
Frontier,77.0424589,28.4739949
Indian & Chinese Corner,77.048056,28.4730599
Juice Lounge,77.0445066,28.4694139
KB's Kulfi & Icecream,77.0494753,28.4822008
KB's Kulfi & Icecream,77.0439881,28.4754869
Keventers,77.0481041,28.4736495
KFC,77.047405,28.4740886
Madras Cafe,77.0456073,28.476629
Madurai Meenakshi Bhawan,77.0473507,28.4740911
Masala Fusion,77.0424589,28.4740845
Moti Mahal Delux Tandoori Trail,77.0351491,28.4665409
Pind Bawarchi,77.0482744,28.4728921
Republic of Chicken,77.0484406,28.4736075
Ridhi Sidhi,77.020392,28.4703532
Romi Da Dhaba,77.0432685,28.4750589
Shamji Sweets,77.0394496,28.4702133
Six Pack Kitchen,77.0453042,28.4699753
Taste of Dilli 6,77.0474907,28.4749637
The Guls,77.0349543,28.4768261
The League Restaurant,77.0432685,28.4751486
The Plaza Solitaire,77.044168,28.4751457
Uttarakhand Fast Food,77.0363305,28.4758641
Viva Hyderabad,77.0445955,28.4764122
Wahid Food Corner,77.0347763,28.4758171
Zync - Rosewood Hotel,77.037225,28.46715278
Konetto Pizza,77.0462096,28.4783985
South Store,77.0475378,28.4743176
Grill & Cafe,77.0404798,28.4662742
Gurgaon Mughlai Chicken,77.0351435,28.4771621
Mughal Chicken Corner,77.0349588,28.4786503
Oven Aroma,77.0495364,28.4823461
Radha Swami Shudh Vaishno Dhaba,77.0384802,28.4756545
Special No.1 Biryani Corner,77.0444379,28.4762474
Sun Sweets Restaurant,77.0335214,28.464266
Captain Bill$ Deliverz,77.0476588,28.4738648
China Hut,77.0376289,28.4758573
G Dot,77.0338227,28.4785399
Cake2you,77.0371148,28.4579792
Delight Express,77.0435543,28.4583117
Empress,77.033231,28.4568511
Hotel DDR,77.0344852,28.4588673
Khan Kabab Corner,77.0380952,28.4555436
Kwality Cakes and Bakes,77.0381307,28.4555152
Nite Bites,77.041878,28.460253
Oriental Kitchen Express,77.0367474,28.4577727
Royal Mart,77.0390954,28.4544096
Sikkim Fast Food,77.0435095,28.4584547
Maachh Bhaat,77.0609808,28.4950876
Bablu Fast Food,77.0633149,28.4978576
Bikaner Sweets Snacks & Restaurant,77.0671006,28.4906203
Bikaner Sweets,77.056052,28.4890258
Biryani & Rolls,77.0580477,28.4777059
Delight Express,77.0610203,28.4780353
Dilli Rasoi,77.057516,28.4879806
Dujal Cafe,77.0608014,28.4776466
Full Dabba,77.0633585,28.4978501
HSI Food World,77.0670595,28.4772163
Krishna Restaurant,77.0616195,28.4756552
Lajawaab House Cafe,77.0607991,28.4779663
Modern Sweets,77.0603242,28.4753834
Radha Swami Shudh Vaishno Dhaba,77.0558517,28.488876
Raju Vaishno Amritsari Dhaba,77.0598733,28.4752695
Rustic Flavours,77.0605389,28.4783366
VK Food Court,77.0610258,28.4755709
Domino's Pizza,77.0714215,28.5097704
GoGourmet,77.0716913,28.5094378
Snack Shack,77.0714215,28.5095911
West��ross,77.0693827,28.510128
Fruitpro,77.0716913,28.5100652
Tpot,77.0712645,28.5096025
Cake Desire,77.0644469,28.5029596
Divine Bites,77.0622916,28.5029001
Kwality wall's swirl's,77.0738509,28.5101456
Milan Apna Dhaba,77.0689476,28.5035524
R S Foods,77.0696558,28.5050072
Shahi  Chicken Corner,77.0691386,28.5035991
Behrouz Biryani,77.0541384,28.5041335
Biryani Art,77.0535606,28.5041041
Daawat-e! Amritsar,77.0646633,28.5029179
Faasos,77.0538414,28.5041074
Ovenstory Pizza,77.0540643,28.5041784
Pizza Hut Delivery,77.0541569,28.504122
Game n Grillz,77.051885,28.5046578
Hamoni Red: Play Cafe,77.0537818,28.500642
Firangi Bake,77.054079,28.5042056
Indochi,77.0516126,28.5048386
Kettle & Kegs,77.0540696,28.5042347
The Food Garage,77.0545497,28.5041169
Machan,77.0644064,28.4664277
Mainland China,77.0623603,28.4686372
Pind Balluchi,77.0644064,28.4680413
Sagar Ratna,77.0629673,28.4681718
Sasuraal,77.0624277,28.4686577
feel ALIVE,77.0641366,28.4679257
Matchbox,77.0626075,28.4682268
Prankster,77.0633573,28.4691662
21 Gun Salute,77.0631472,28.4681891
Backyard Underground,77.063143,28.468337
Bikanervala,77.0635969,28.4686806
Chin Chin,77.0626975,28.4682354
Domino's Pizza,77.0632194,28.4682247
Eggjactly,77.0678878,28.4685801
Gola Sizzlers,77.063417,28.4683943
Hunter Valley,77.0638106,28.4673849
Jungle Jamboree,77.0640466,28.4673792
McDonald's,77.0632371,28.4682874
My Bar Headquarters By Dockyard,77.0644064,28.4679517
Punjabi by Nature,77.0624277,28.4691956
Sandys Cocktails & Kitchen,77.0712417,28.472016
Sense Of Spirits,77.0633627,28.4695542
Starbucks,77.0632371,28.468377
Swagath,77.0628774,28.4696871
The Old School Brew House,77.0641949,28.467777
Barcelos,77.0624025,28.4691552
Boombox Brewstreet,77.0642265,28.4679344
BRONX Bar Exchange,77.063417,28.4681254
Djinggs,77.0642265,28.4679344
Downtown - Diners & Living Beer Cafe,77.0631922,28.4683279
Drifters Cafe,77.0671046,28.471349
Gung The Palace,77.0625436,28.4685726
Magadh and Awadh,77.0716014,28.4723195
Mamagoto,77.0641366,28.4676568
Molecule Air Bar,77.0642265,28.4679344
Nagai,77.064243,28.4640533
PitStop BrewPub,77.0715571,28.4621449
The Classroom,77.0627425,28.4681949
bu��no,77.0553395,28.4598737
Bottles and Barrels,77.0521813,28.4606832
A One Rasoi,77.0568391,28.4489745
Angeethi,77.0510698,28.4534927
Burger Point,77.0509079,28.4529876
Cafe Coffee Day,77.0504568,28.4532365
Cake Castle,77.0511154,28.453487
CHA,77.0446703,28.4457809
Chai Point,77.0549336,28.4645465
Fees - The Cloud Kitchen,77.0514542,28.4515538
Food Ka Mood,77.057398,28.4491214
Frozen Factory,77.0505547,28.4529016
Goli Vada Pav No. 1,77.0510504,28.4534826
Green Chick Chop,77.0512923,28.4538134
Harichatni.com,77.0558828,28.4549152
Kk Chaap Express,77.0506317,28.4527412
Latenight.in,77.04479218,28.45232201
Mitran Da Junction,77.051332,28.4540489
Mother Ringlet,77.0509743,28.4535417
Sna-X Point,77.0569404,28.4490081
Wow! Momo,77.050958,28.4534895
Yashna,77.0510225,28.4530419
Twigly,77.0587634,28.4344744
Bakers Oven,77.0509348,28.4529609
Dilli 6 On Wheels,77.0448616,28.4457489
La Pino'z Pizza,77.0502902,28.4530361
LeanBodyMeals,77.055519,28.455681
Om Sweets & Snacks,77.050482,28.4528201
Tasty Tweets,77.0511135,28.453446
The Kathi Rolls,77.0507229,28.4530322
Bite N Sip,77.0572815,28.4492369
Burger Joint,77.0566033,28.4493778
Dilli Light,77.051106,28.4537774
Love Desserts,77.059453,28.444784
Flying Cakes,77.0571362,28.4497559
Bikkgane Biryani,77.0505305,28.4528047
Cafeast,77.03975882,28.4444788
Yomo-Your Only Momo Outlet,77.04963807,28.45321428
Afghan Indian,77.0463325,28.4393846
Al Fanoos,77.0452895,28.4392847
Alwar Sweets & Namkeen,77.0573908,28.4495255
Baskin Robbins,77.01766379,28.46721998
Bisht Food Court,77.044871,28.4457028
Burj Al Arab,77.0450676,28.4394628
Costa Coffee,77.04079684,28.43954754
Desi Bites,77.046147,28.4395668
Kwality Restaurant,77.0448877,28.4455421
Kwality Wall's Swirl's,77.0555919,28.4433453
Nehra's Food Point,77.0557718,28.4415695
Orange Food Cart,77.04298183,28.43958321
Royal Sweets,77.0449407,28.4394492
Shree Annapurna,77.04290237,28.43970173
Underground Restaurant,77.0575645,28.4440456
Midnight Sutra,77.0906106,28.4507062
Paddy's - The Grub Grill,77.0859299,28.4419061
Sugar Rush By Saiba,77.0959808,28.4514497
Bamboo House,77.0593066,28.4351572
Burger Unlimited Kitchen,77.0595047,28.4350181
Cafeteria Point,77.0598728,28.4340212
Choudhary Gohana Famous Jalebi,77.0599779,28.4341404
Curry N' Tandoor,77.0598166,28.4345074
Dawat-e-Ishq,77.0592634,28.4351263
Delish Bake N Choc,77.0589267,28.4349266
Flavours,77.0587691,28.4345889
Om Sweets & Snacks,77.0586849,28.4347324
Om Sweets,77.0591044,28.4349952
Raj Restaurant,77.0593696,28.4342048
Tasha's Artisan Foods,77.0593546,28.4447042
Urban Kitchen,77.0593757,28.4352128
Nite Bites,77.0724033,28.4471752
BiBo's Kitchen,77.0717172,28.4418059
Burger Point,77.0597723,28.4344647
Chinese Fast Food,77.0732567,28.4472195
Chinese Food,77.0594005,28.4446522
Chop Shop,77.0591711,28.4346562
Dhara,77.059536,28.4446824
Foody Goody,77.0679502,28.4513687
Kehar Sweets And Snacks,77.0595633,28.4346657
Muskan Chicken Biryani,77.059245,28.4444633
Shakes Cakes 'n' More,77.0598983,28.4439045
Shri Sai Kirpa Food,77.0740245,28.4471412
Sufiya Hotel,77.0735754,28.4479605
Veg Hut,77.0735393,28.447879
Raj Restaurant,77.0596229,28.4448577
Burger Hut,77.0205232,28.4802841
Dancing Turkeys,77.0710139,28.4477683
The Pack King,77.0689933,28.434682
Bikaner Misthan Bhandar,77.0887235,28.4317225
Zizo,77.1011865,28.4454847
Grill King Kabab & Curries,77.1042435,28.4372591
Blossoms 4 U,77.110596,28.424109
Bunny Burgers,77.0991634,28.4251591
Curry Haus,77.093894,28.420766
Droolfi,77.09959824,28.42517935
Earthen Spices,77.1019507,28.4213907
FatPlates,77.1018657,28.4211708
Food4U!,77.1362757,28.4362232
Giani,77.1000368,28.4255681
Great Desserts Company,77.0982526,28.4273124
Green Chick Chop,77.0992983,28.4250375
Mughlai Treat,77.1017259,28.421414
Munch,77.1349572,28.434589
New Spice World,77.09929749,28.42516814
Pure Bliss,77.09992748,28.42894133
Puskar Raj Momos & Chinese Corner,77.0992973,28.4252326
Sai-Yo!,77.1001525,28.4283926
Shanghai Cafe,77.1000683,28.4285248
The Blaze,77.0961512,28.4180994
Ullu Delivers,77.0993188,28.4250399
Yomo-Your Only Momo Outlet,77.0994718,28.4253531
Dimsum Democracy,77.10009377,28.42846486
The Punjab Kitchen,77.112886,28.413665
Too Maach,77.1000307,28.4286826
Apni Rasoi,77.099865,28.4252571
Bala Ji Sweets Corner,77.0992983,28.4250375
Barista,77.1340452,28.43675
Biryani Express,77.0893173,28.4316128
Cake Innovation,77.134902,28.4345776
Chawla's�_,77.100181,28.4287959
China Gathering,77.1096659,28.4271903
Chinese Hot Express,77.099568,28.4254221
Go! Dimsum,77.09921435,28.42471111
Kanha North & South Indian Veg.,77.10003416,28.42890893
Kings Kulfi,77.0999277,28.4256359
Lassi Cafe,77.1420001,28.429125
Marwadi Khana,77.104693,28.4221468
Nukkadwala,77.1529576,28.4319337
Ravi Fast Food,77.0990285,28.425191
Shivalik Tiffin Corner,77.1072554,28.4298806
Street Food By Punjab Grills,77.0997478,28.4253496
Sweet Ginger Bakery,77.1345396,28.436573
The Rolling Stove,77.0998491,28.425268
Chawla's�_,77.0921967,28.430031
Chy - Na Express,77.0990285,28.4249219
Kwality,77.0992084,28.4251185
Brother's Snacks and Shakes,77.080462,28.4297813
Ginger Garlic,77.0904414,28.4217218
Arabicaa 9,77.0176107,28.467311
Burger Xpress,77.017531,28.4672588
Dilli Light,77.0190993,28.4707962
KB's Kulfi & Icecream,77.0184147,28.4726717
MyLoveBiryani.Com,77.0155627,28.4651285
Tandoori Adda,77.0143446,28.4700416
Tiffins 4 U,77.0148921,28.4648232
Cafe Cup of Life,77.0162592,28.4681375
DCK- Dana Choga's Kitchen,77.0170336,28.4677392
Kishu Di Hatti Sweets,77.0175244,28.4663672
KC Bakers,77.022728,28.455974
Sham Sweets,77.0236993,28.4525161
Bake Cuddle,77.0213621,28.4591855
Gopala,77.0998689,28.4658365
Halki Aanch,77.0997223,28.4656305
New Sukh Sagar,77.1000176,28.465995
Sweets Corner,77.0993432,28.4658854
Minus5degree,77.0987074,28.4662158
Qureshi's Kabab Corner,77.0992642,28.4661404
Delicious Food Corner,77.0947125,28.4810852
Firangi Bake,77.095457,28.482671
Kettle & Kegs,77.0954737,28.4828791
The Daily,77.0967623,28.4834802
Burger Singh,77.03890722,28.42447847
Captain Bill$ Deliverz,77.089166,28.433455
Chaayos,77.0447688,28.406494
Chai Point,77.0443061,28.4057383
Cyber Adda 24,77.0383803,28.4183524
Desi Thaat,77.0430886,28.4118349
Doughlicious,77.0447626,28.4064865
Dunkin' Donuts,77.0392204,28.4249125
Gulshan Dhaba,77.0276151,28.4579514
Karari Kurry,77.04253683,28.41240966
Moti Mahal Delux,77.0381858,28.4268302
Needs Gourmet,77.0451575,28.4025286
Rao's Meeting Point,77.042691,28.4118643
Sadabahar Hotel,77.0403449,28.4157403
Sagar Ratna,77.0383658,28.4209297
Shri Ram Restaurant,77.0417392,28.4116153
Shri Ram Restaurant,77.0409296,28.411627
Subway,77.0382435,28.4184165
Subway,77.0444681,28.4058183
Sugarcraft Patisserie,77.0484858,28.4117267
Tea Halt,77.0322081,28.4256547
The Golden Dragon,77.0406597,28.4201195
The Spice Room,77.0452475,28.406214
The Tongue Twister,77.067268,28.266839
56 Fresca,77.0447078,28.4060723
BreakfastBay,77.04214934,28.41385572
Cafe Maple Street,77.0443479,28.4058584
Fat Lulu's,77.058018,28.434541
Fat Monk,77.033013,28.4255696
Flying Tuk Tuk,77.0413794,28.4069177
FreshMenu,77.041071,28.415066
Little Skillet,77.0489356,28.4120391
PKay,77.0432685,28.4133766
Shama Chicken Corner,77.042099,28.4120086
Starbucks,77.0449776,28.4060983
Tandoori Nation,77.03833256,28.41864781
Truffle Tangles,77.0365475,28.4274393
Domino's Pizza,77.0393103,28.4248315
KB's Icecream & Kulfis,77.0418292,28.4116239
Wah Ji Wah,77.0371694,28.4270829
The Brewhouse,77.04178983,28.41593885
Boozer's,77.062693,28.454258
Cheffy's,77.0678486,28.4584293
Cake Point,77.0832002,28.4307097
Shyam Sweets,77.08893042,28.4316636
Uma Foodies' Hut,77.08898909,28.43185642
AK Your Food,77.0810496,28.4406267
Freshnfit.in,77.0860608,28.4362534
Shri Ram Bhojnalaya,77.078993,28.4346629
Special O-cake-sions,77.0745897,28.4325962
Tasteful Biryani,77.0832881,28.4307149
Bikanervala,77.1053224,28.4335066
Indian Grill Room,77.1052774,28.4334574
Oriental Fusion,77.0872491,28.4625277
Purani Dilli's Al Karam Kebab House,77.08729528,28.46243126
Rollmaal,77.0876088,28.4623829
Speedy Chow,77.0876088,28.4622932
Arabian Nites,77.0868749,28.4625024
Giani's,77.0869794,28.4624121
Giani,77.08695229,28.46246192
Juste Miam,77.0869794,28.4626811
Patiala Shahi,77.0868501,28.4625094
The Kathis,77.087339,28.4624466
Wai Yu Mun Ching,77.0871567,28.4625963
Bernardo's,77.087339,28.4626259
Biryani Art,77.0870678,28.4625602
Nosh,77.0871573,28.4625905
Tandoor Express,77.0874235,28.4624928
Tandoori KnockOuts,77.0871592,28.4626087
Udaipuri,77.0871142,28.4623802
Cakes & Muffins,77.0784363,28.4659842
Halki Aanch,77.0756172,28.4714149
Hungry Gopal,77.0786436,28.4543078
Kuzo,77.0790658,28.4507135
Lovecrumbs Bakery,77.0784363,28.4660738
Organic Express,77.081955,28.452042
Pizza Hut,77.0746189,28.4684058
Roti Te Boti,77.0832025,28.4600768
Behrouz Biryani,77.0787061,28.4609895
Caf�� Burger BC,77.0794255,28.4504791
Dilli Darbar,77.0843946,28.4602529
Fu.D,77.0789759,28.4647809
Jarfull,77.0791557,28.4605845
Mochamania,77.0747614,28.4710018
Mukhtalif Biryanis,77.0847227,28.4592935
Mummy's Kitchen,77.0853157,28.4543176
Ovenstory Pizza,77.0788503,28.4609696
Kujay's Spoon,77.0796953,28.4499671
Lily Food's,77.0791682,28.4508593
Mutton Mewar,77.0762779,28.4513422
Tasty But Healthy,77.0814039,28.4503106
Teddy Choco Studio,77.0830226,28.455756
Chin Chow,77.0840118,28.4601546
Cafe Sante,77.0815524,28.4510321
Mughal Dine-Esty,77.0779417,28.4606023
Nuterro,77.0751988,28.4708726
Sandburg Shakes,77.079003,28.46082
The Millionaire Express,77.079311,28.460034
Ammu's South Indian Restaurant,77.0793521,28.4607475
Elma's Delivers,77.0792457,28.461131
Faasos,77.0788859,28.4609172
Foodrath,77.0793669,28.4613734
Hyderabad House,77.0792457,28.461131
Kake Da Hotel,77.0798015,28.460761
Mitraao,77.0796953,28.460995
PomoDoro Bistro,77.0790916,28.4610705
Shri Shyam Ji Ke Mashhoor Chhole Bhature,77.0811311,28.4532726
Spice Aangan Express,77.0792457,28.461131
Subway,77.0790658,28.4604862
Swaad Ka Khazana,77.0795604,28.4609372
The Toddy Shop,77.0792715,28.460829
Truffles,77.0790658,28.4606655
Cafe Bonkerz,77.0787061,28.4604516
Wrapchick,77.0794255,28.4608794
WoW - Vada Pav & More,77.0789039,28.4605516
Me Kong Bowl,77.0796953,28.460726
Palmyra - The Bristol Hotel,77.0923077,28.4799845
Shanghai Bar & Lounge - The Bristol Hotel,77.09232,28.4799981
Zaffran - The Bristol Hotel,77.0922972,28.4799825
Zaffran - The Claremont,77.0732202,28.4782126
Clove - The Galgotias,77.0529662,28.5047491
Green Leaf,77.0395696,28.4664035
Tokyo,77.0400898,28.4661418
Cigar Lounge - The Oberoi,77.0867995,28.5022869
Melange - The Pllazio Hotel,77.0640466,28.4646001
Qureshi's Kabab Corner,77.048261,28.412019
EEST - The Westin Gurgaon,77.0704322,28.476779
Prego - The Westin Gurgaon,77.0703873,28.4767298
Seasonal Tastes - The Westin Gurgaon,77.0704322,28.476779
Xiao Chi - The Westin Sohna Resort & Spa,77.1427506,28.2393668
The Living Room - The Westin Sohna Resort & Spa,77.1427506,28.2393668
The Bar - Trident Gurgaon,77.0867995,28.5022869
Konomi - Trident Gurgaon,77.0867995,28.5022869
L'Opera,77.0958365,28.4512929
Town Hall,77.096912,28.45097366
Whisky Samba,77.09688552,28.45104175
Chokola,77.080139,28.5109714
Citrus Cafe - Lemon Tree Hotel,77.0867096,28.5026368
Green Hut,77.0753139,28.5004986
My Plate,77.086215,28.5130313
PiccoLicko,77.0652612,28.4875966
Pind Balluchi,77.088159,28.4991161
Raj Xpresso,77.083835,28.506391
Riders Hub,77.0879685,28.4991724
Shivani Catering Services,77.0728605,28.5011252
The Diet Kitchen,77.0835622,28.5009896
The Gr8 Taste of India,77.0867524,28.4975584
World Art Cafe,77.0842434,28.5120417
XLNC Bakers,77.0801,28.5140563
Adventure Food,77.086215,28.5130313
Baba Da Dhaba,77.07576312,28.51150832
Bandhani Fast Food,77.0823439,28.501278
Bhai Ji Dhaba,77.0755585,28.511513
Bikaner Sweets,77.0670773,28.4905933
Cake 24x7,77.0627161,28.4969691
Chaayos,77.086215,28.5130313
Chauhan Hotel,77.0671046,28.4905322
Costa Coffee,77.07991786,28.49125312
Dheeraj Vaishno Dhaba,77.0673441,28.4907223
Domino's Pizza,77.067069,28.4899846
Food Ka Adda,77.0859902,28.4988926
iKitchen,77.07016754,28.49064636
Knights Kitchen,77.0836521,28.4996537
Ku-Kukdu-Ku,77.0665649,28.4872533
Mogambo Kitchen,77.0834007,28.4978821
Noore-e-Seva,77.0671777,28.490597
Premier Bite,77.08617,28.5128925
Renu Sweets & Restaurant,77.0693753,28.4909024
Street Foods by Punjab Grill,77.081314,28.4999667
Tpot,77.085902,28.509468
Uttrakhand Bohra Bhojnalaya & Fast Food,77.0683497,28.4907415
Uttrakhand Dhaba,77.0762102,28.5114797
Tea Halt,77.0555019,28.443247
Dunkin' Donuts,77.0563348,28.4429124
Indian Bistro Company,77.05503501,28.44359498
Tpot,77.0563114,28.4435939
Anaaj,77.0714665,28.5096403
Au Bon Pain,77.07236174,28.51055995
Cafe Coffee Day,77.0715115,28.509779
Cafe Friends,77.0712658,28.5095992
Chinese Bistro,77.0714665,28.5096403
Dunkin' Donuts,77.0715115,28.509779
Madras Coffee House,77.0720511,28.5103687
McDonald's,77.0714215,28.5096807
Nukkadwala,77.07199864,28.51028625
Salad Chef,77.07128014,28.5095226
Subway,77.0715115,28.509779
Tea Halt,77.0715115,28.509779
The Kachori Co.,77.0714703,28.5096854
Urban Dhaba,77.0714665,28.5096403
A Piece of Paris,77.0716878,28.510247
Chaayos,77.0715115,28.5096894
Doughlicious,77.07169354,28.50969289
Eggers Madhouse,77.0713316,28.5096721
Live Wok,77.0714215,28.5096807
Orange Chopsticks,77.07144342,28.50954204
Pizzoccheri,77.07135793,28.50954764
Dosa Republic,77.0714665,28.5096403
Giani's,77.0716464,28.5096576
Chai Point,77.0717813,28.5099843
Latitude - Vivanta By Taj,77.0700953,28.4562499
Thai Pavilion - Vivanta By Taj,77.0701624,28.4559543
3H Kitchen,77.0310152,28.5088255
Manish Sweets & Bakers,77.0313937,28.5085989
Oasis Kitchen,77.0316635,28.5088043
Ramchandra Chinese Food,77.0309826,28.508564
Sona Chinese,77.0308539,28.5090845
The Pastry Hut,77.0313937,28.5088678
Aggarwal Sweets & Restaurant,77.0311238,28.5088417
Bhoomika,77.0842702,28.4604845
FoodZilla,77.0841917,28.4603512
Goli Vada Pav No. 1,77.0839756,28.4598562
Kathi Junction,77.0836521,28.4606579
Romi da Dhaba,77.083832,28.4600476
Shamji Snacks,77.0843266,28.4602296
The Lunch Break,77.0835622,28.46047
Veg O Non,77.0843266,28.459871
Alwar Sweets,77.0842816,28.4603598
Bakers Oven,77.083832,28.4606752
Burgzz Bee,77.0840568,28.4599348
Chinese Corner,77.0839219,28.4597873
Iroha,77.0832025,28.4599872
Chaudhary Burfi Wala,77.0843266,28.4605883
Curry 'n' Phulka,77.0837421,28.4607562
Wah Ji Wah,77.0832256,28.4605726
Woods Spice,77.0573475,28.4428081
